"scenario","lambda_50years","prob_Extn"
"A",0.632485150764478,39.3
"B",0.898922220901687,13.1
"C",0.994561376353209,3.8
"D",1.02510519274104,0.9
"E",1.03310141086508,0.3
"F",1.03782579798651,0
"G",1.03865389924536,0
"H",1.03918820533191,0
"I",1.0384895885855,0
